{
  "version": 1,
  "author": "Anonymous maker",
  "editor": "wokwi",
  "parts": [
    { "type": "wokwi-breadboard-mini", "id": "bb1", "top": -59, "left": 74.4, "attrs": {} },
    { "type": "wokwi-arduino-uno", "id": "uno", "top": 106.2, "left": 9, "attrs": {} },
    { "type": "wokwi-potentiometer", "id": "pot1", "top": -165.44, "left": 112.2, "attrs": {} },
    {
      "type": "wokwi-led",
      "id": "led1",
      "top": -88.4,
      "left": 215.27,
      "attrs": { "color": "red" }
    },
    {
      "type": "wokwi-resistor",
      "id": "r1",
      "top": 14.4,
      "left": 210.65,
      "rotate": 90,
      "attrs": { "value": "220" }
    }
  ],
  "connections": [
    [ "uno:3", "bb1:17b.j", "green", [ "v0" ] ],
    [ "led1:A", "bb1:17t.a", "", [ "$bb" ] ],
    [ "led1:C", "bb1:16t.a", "", [ "$bb" ] ],
    [ "bb1:16t.b", "bb1:9t.b", "black", [ "v0" ] ],
    [ "bb1:9t.a", "pot1:VCC", "green", [ "v0" ] ],
    [ "bb1:7t.a", "pot1:SIG", "gold", [ "v0" ] ],
    [ "bb1:6t.a", "pot1:GND", "red", [ "v0" ] ],
    [ "uno:A0", "bb1:7t.b", "gold", [ "v-135.63", "h-71.33", "v-2.67" ] ],
    [ "uno:5V", "bb1:6t.b", "red", [ "v-122.3", "h-31.33", "v-2" ] ],
    [ "r1:1", "bb1:17t.e", "", [ "$bb" ] ],
    [ "r1:2", "bb1:17b.i", "", [ "$bb" ] ],
    [ "bb1:16t.e", "uno:GND.2", "black", [ "v213.7", "h-51.64", "v93.6" ] ]
  ],
  "dependencies": {}
}