{
  "version": 1,
  "author": "Anonymous maker",
  "editor": "wokwi",
  "parts": [
    { "type": "wokwi-breadboard-half", "id": "bb1", "top": -3, "left": 156.4, "attrs": {} },
    { "type": "wokwi-arduino-uno", "id": "uno", "top": 5.93, "left": -126.87, "attrs": {} },
    { "type": "wokwi-led", "id": "led1", "top": 73.2, "left": 311, "attrs": { "color": "red" } },
    {
      "type": "wokwi-pushbutton",
      "id": "btn1",
      "top": 76.7,
      "left": 233.9,
      "rotate": 90,
      "attrs": { "color": "black", "bounce": "1" }
    },
    {
      "type": "wokwi-resistor",
      "id": "r1",
      "top": 148.8,
      "left": 297.05,
      "rotate": 90,
      "attrs": { "value": "220" }
    }
  ],
  "connections": [
    [ "uno:2", "bb1:9b.i", "green", [ "v0" ] ],
    [ "bb1:bn.9", "bb1:11b.j", "green", [ "v0" ] ],
    [ "r1:2", "bb1:bn.13", "green", [ "h0" ] ],
    [ "uno:GND.3", "bb1:bn.1", "black", [ "v37.3", "h127.2", "v-4" ] ],
    [ "uno:13", "bb1:17b.g", "green", [ "v-37.53", "h343.87", "v128.67", "h0.67" ] ],
    [ "led1:A", "bb1:17b.f", "", [ "$bb" ] ],
    [ "led1:C", "bb1:16b.f", "", [ "$bb" ] ],
    [ "r1:1", "bb1:16b.g", "", [ "$bb" ] ],
    [ "r1:2", "bb1:bp.13", "", [ "$bb" ] ],
    [ "btn1:1.l", "bb1:11t.c", "", [ "$bb" ] ],
    [ "btn1:2.l", "bb1:9t.c", "", [ "$bb" ] ],
    [ "btn1:1.r", "bb1:11b.h", "", [ "$bb" ] ],
    [ "btn1:2.r", "bb1:9b.h", "", [ "$bb" ] ]
  ],
  "dependencies": {}
}