{
  "version": 1,
  "author": "Anonymous maker",
  "editor": "wokwi",
  "parts": [
    { "type": "wokwi-arduino-uno", "id": "uno", "top": -8.85, "left": -11.85, "attrs": {} },
    {
      "type": "wokwi-led",
      "id": "led1",
      "top": -112.54,
      "left": 87.8,
      "attrs": { "color": "red" }
    },
    {
      "type": "wokwi-resistor",
      "id": "r1",
      "top": -46.72,
      "left": 9.2,
      "rotate": 90,
      "attrs": { "value": "220" }
    }
  ],
  "connections": [
    [ "r1:2", "uno:GND.1", "black", [ "h65.62", "v19.65" ] ],
    [ "led1:A", "uno:13", "red", [ "v0" ] ],
    [ "led1:C", "r1:1", "black", [ "v0" ] ]
  ],
  "dependencies": {}
}